"0","cd <-"
"0","  hormones %>% "
"0","  left_join("
"0","    read_csv(els_file) %>% "
"0","      select(ELS_ID, sumsev_threat_t1, sumsev_threat_t2, sumsev_type_t1, sumsev_type_t2),"
"0","    by = ""ELS_ID"""
"0","  ) %>% "
"0","  left_join(demo, by = c(""ELS_ID"", ""timepoint"", ""session_type"")) %>% "
"0","  left_join(tanner, by = c(""ELS_ID"", ""timepoint"")) %>% "
"0","  left_join(mnbs, by = ""ELS_ID"") %>% "
"0","  filter(ELS_ID < 300, ELS_ID %in% keep_IDs) %>% "
"0","  mutate("
"0","    inr_t1 = if_else("
"0","      inr_t1 == 999 | inr_t1 == 888,"
"0","      NA_real_, inr_t1"
"0","    ),"
"0","    birth_date = parse_date_time(birth_date, ""Ymd""),"
"0","    child_age =  case_when("
"0","      !is.na(date_collection) ~ birth_date %--%  date_collection / years(1),"
"0","      is.na(date_collection) ~ birth_date %--%  scan_date / years(1),"
"0","      TRUE ~ NA_real_"
"0","    )"
"0","  ) %>% "
"0","  distinct(ELS_ID, date_collection, .keep_all = TRUE) %>% "
"0","  select("
"0","    -tanner_female_pubhair:-tanner_male_testes,"
"0","    -early_puberty"
"0","  ) %>% "
"0","  select("
"0","    ELS_ID:birth_control,"
"0","    medication_binary,"
"0","    cort_clean = cortisol_mean_clean,"
"0","    dhea_clean = dhea_mean_clean,"
"0","    test_clean = testosterone_mean_clean,"
"0","    sumsev_threat_t1:child_age"
"0","  ) %>% "
"0","  arrange(ELS_ID, timepoint, date_collection) %>% "
"0","  group_by(ELS_ID, timepoint) %>% "
"0","  mutate("
"0","    n_session = 1:n()"
"0","  ) %>% "
"0","  # if more than 1 session, use first"
"0","  filter(n_session == 1) %>% "
"0","  ungroup()"
"2","Parsed with column specification:
cols(
  .default = col_double(),
  class = [31mcol_character()[39m
)
"
"2","See spec(...) for full column specifications.
"
"2","Column `ELS_ID` has different attributes on LHS and RHS of join"
